<?xml version="1.0" encoding="utf-8"?>
<odoo>
     <data noupdate="1">

        <record id="seq_car_inspection_form" model="ir.sequence">
            <field name="name">car.inspection</field>
            <field name="code">car.inspection</field>
            <field name="prefix">SN</field>
            <field name="padding">5</field>
            <field name="company_id" eval="False"/>
        </record>
    </data>

<!--    <data noupdate="1">-->

<!--        <record id="seq_provisional_sale_order_report" model="ir.sequence">-->
<!--            <field name="name">sale.order</field>-->
<!--            <field name="code">sale.order</field>-->
<!--            <field name="prefix">4000042</field>-->
<!--&lt;!&ndash;            <field name="suffix">/%(y)s/</field>&ndash;&gt;-->
<!--&lt;!&ndash;            <field eval="1" name="number_next"/>&ndash;&gt;-->
<!--&lt;!&ndash;            <field eval="1" name="number_increment"/>&ndash;&gt;-->
<!--            <field name="padding">4</field>-->
<!--            <field name="company_id" eval="False"/>-->
<!--        </record>-->
<!--    </data>-->
 </odoo>